,target,id,date,flag,user,text
0,0,1467810369,Mon Apr 06 22:19:45 PDT 2009,NO_QUERY,_TheSpecialOne_,awww bummer shoulda got david carr third day
1,0,1467810672,Mon Apr 06 22:19:49 PDT 2009,NO_QUERY,scotthamilton,upset updat facebook text might cri result school today also blah
2,0,1467810917,Mon Apr 06 22:19:53 PDT 2009,NO_QUERY,mattycus,dive mani time ball manag save 50 rest go bound
3,0,1467811184,Mon Apr 06 22:19:57 PDT 2009,NO_QUERY,ElleCTF,whole bodi feel itchi like fire
4,0,1467811193,Mon Apr 06 22:19:57 PDT 2009,NO_QUERY,Karoli,behav mad see
5,0,1467811372,Mon Apr 06 22:20:00 PDT 2009,NO_QUERY,joy_wolf,whole crew
6,0,1467811592,Mon Apr 06 22:20:03 PDT 2009,NO_QUERY,mybirch,need hug
7,0,1467811594,Mon Apr 06 22:20:03 PDT 2009,NO_QUERY,coZZ,hey long time see yes rain bit bit lol fine thank
8,0,1467811795,Mon Apr 06 22:20:05 PDT 2009,NO_QUERY,2Hood4Hollywood,nope
9,0,1467812025,Mon Apr 06 22:20:09 PDT 2009,NO_QUERY,mimismo,que muera
10,0,1467812416,Mon Apr 06 22:20:16 PDT 2009,NO_QUERY,erinx3leannexo,spring break plain citi snow
11,0,1467812579,Mon Apr 06 22:20:17 PDT 2009,NO_QUERY,pardonlauren,pierc ear
12,0,1467812723,Mon Apr 06 22:20:19 PDT 2009,NO_QUERY,TLeC,bear watch thought ua loss embarrass
13,0,1467812771,Mon Apr 06 22:20:19 PDT 2009,NO_QUERY,robrobbierobert,count idk either never talk anymor
14,0,1467812784,Mon Apr 06 22:20:20 PDT 2009,NO_QUERY,bayofwolves,would first gun realli though zac snyder doucheclown
15,0,1467812799,Mon Apr 06 22:20:20 PDT 2009,NO_QUERY,HairByJess,wish got watch miss iamlilnicki premier
16,0,1467812964,Mon Apr 06 22:20:22 PDT 2009,NO_QUERY,lovesongwriter,holli death scene hurt sever watch film wri director cut
17,0,1467813137,Mon Apr 06 22:20:25 PDT 2009,NO_QUERY,armotley,file tax
18,0,1467813579,Mon Apr 06 22:20:31 PDT 2009,NO_QUERY,starkissed,ahh ive alway want see rent love soundtrack
19,0,1467813782,Mon Apr 06 22:20:34 PDT 2009,NO_QUERY,gi_gi_bee,oh dear drink forgotten tabl drink
20,0,1467813985,Mon Apr 06 22:20:37 PDT 2009,NO_QUERY,quanvu,day get much done
21,0,1467813992,Mon Apr 06 22:20:38 PDT 2009,NO_QUERY,swinspeedx,one friend call ask meet mid valley today time sigh
22,0,1467814119,Mon Apr 06 22:20:40 PDT 2009,NO_QUERY,cooliodoc,bake cake ate
23,0,1467814180,Mon Apr 06 22:20:40 PDT 2009,NO_QUERY,viJILLante,week go hope
24,0,1467814192,Mon Apr 06 22:20:41 PDT 2009,NO_QUERY,Ljelli3166,blagh class 8 tomorrow
25,0,1467814438,Mon Apr 06 22:20:44 PDT 2009,NO_QUERY,ChicagoCubbie,hate call wake peopl
26,0,1467814783,Mon Apr 06 22:20:50 PDT 2009,NO_QUERY,KatieAngell,go cri sleep watch marley
27,0,1467814883,Mon Apr 06 22:20:52 PDT 2009,NO_QUERY,gagoo,im sad miss lilli
28,0,1467815199,Mon Apr 06 22:20:56 PDT 2009,NO_QUERY,abel209,ooooh lol lesli ok lesli get mad
29,0,1467815753,Mon Apr 06 22:21:04 PDT 2009,NO_QUERY,BaptisteTheFool,meh almost lover except track get depress everi time
30,0,1467815923,Mon Apr 06 22:21:07 PDT 2009,NO_QUERY,fatkat309,some1 hack account aim make new one
31,0,1467815924,Mon Apr 06 22:21:07 PDT 2009,NO_QUERY,EmCDL,want go promot gear groov unforn ride may b go one anaheim may though
32,0,1467815988,Mon Apr 06 22:21:09 PDT 2009,NO_QUERY,merisssa,thought sleep option tomorrow realiz evalu morn work afternoon
33,0,1467816149,Mon Apr 06 22:21:11 PDT 2009,NO_QUERY,Pbearfox,awe love 1 miss
34,0,1467816665,Mon Apr 06 22:21:21 PDT 2009,NO_QUERY,jsoo,cri asian eye sleep night
35,0,1467816749,Mon Apr 06 22:21:20 PDT 2009,NO_QUERY,scarletletterm,ok sick spent hour sit shower caus sick stand held back puke like champ bed
36,0,1467817225,Mon Apr 06 22:21:27 PDT 2009,NO_QUERY,crosland_12,ill tell ya stori later good day ill workin like three hour
37,0,1467817374,Mon Apr 06 22:21:30 PDT 2009,NO_QUERY,ajaxpro,sorri bed time came gmt 1
38,0,1467817502,Mon Apr 06 22:21:32 PDT 2009,NO_QUERY,Tmttq86,either depress think even want know kid suitcas
39,0,1467818007,Mon Apr 06 22:21:39 PDT 2009,NO_QUERY,Anthony_Nguyen,bed class 8 12 work 12 3 gym 3 5 6 class 6 10 anoth day gonna fli miss girlfriend
40,0,1467818020,Mon Apr 06 22:21:39 PDT 2009,NO_QUERY,itsanimesh,realli feel like get today got studi tomorrow practic exam
41,0,1467818481,Mon Apr 06 22:21:46 PDT 2009,NO_QUERY,lionslamb,reason teardrop guitar one enough break heart
42,0,1467818603,Mon Apr 06 22:21:49 PDT 2009,NO_QUERY,kennypham,sad sad sad know hate feel wanna sleep still
43,0,1467818900,Mon Apr 06 22:21:53 PDT 2009,NO_QUERY,DdubsShellBell,awww soo wish see final comfort im sad miss
44,0,1467819022,Mon Apr 06 22:21:56 PDT 2009,NO_QUERY,hpfangirl94,fall asleep heard traci girl bodi found sad heart break famili
45,0,1467819650,Mon Apr 06 22:22:05 PDT 2009,NO_QUERY,antzpantz,yay happi job also mean less time
46,0,1467819712,Mon Apr 06 22:22:06 PDT 2009,NO_QUERY,labrt2004,check user timelin blackberri look like twank still happen ppl still prob w bgs uid
47,0,1467819812,Mon Apr 06 22:22:07 PDT 2009,NO_QUERY,IrisJumbe,oh man iron jeancjumb fave top wear meet burnt
48,0,1467820206,Mon Apr 06 22:22:13 PDT 2009,NO_QUERY,peacoats,strang sad lilo samro break
49,0,1467820835,Mon Apr 06 22:22:25 PDT 2009,NO_QUERY,cyantist,oh sorri think retweet
50,0,1467820863,Mon Apr 06 22:22:23 PDT 2009,NO_QUERY,tautao,broadband plan massiv broken promis via www diigo com tautao still wait broadband
51,0,1467820906,Mon Apr 06 22:22:24 PDT 2009,NO_QUERY,voyage2k,wow ton repli may unfollow see friend tweet scroll feed lot
52,0,1467821085,Mon Apr 06 22:22:26 PDT 2009,NO_QUERY,crzy_cdn_bulas,duck chicken take wayyy long hatch
53,0,1467821338,Mon Apr 06 22:22:30 PDT 2009,NO_QUERY,justnetgirl,put vacat photo onlin yrs ago pc crash forget name site
54,0,1467821455,Mon Apr 06 22:22:32 PDT 2009,NO_QUERY,CiaraRenee,need hug
55,0,1467821715,Mon Apr 06 22:22:37 PDT 2009,NO_QUERY,deelau,sure pos much want dont think trade away compani asset sorri andi
56,0,1467822384,Mon Apr 06 22:22:47 PDT 2009,NO_QUERY,Lindsey0920,hate happen
57,0,1467822389,Mon Apr 06 22:22:47 PDT 2009,NO_QUERY,HybridMink,sad feel dalla go show gotta say though think show would use music game mmm
58,0,1467822519,Mon Apr 06 22:22:49 PDT 2009,NO_QUERY,gzacher,ugh 92 degre tomorrow
59,0,1467822522,Mon Apr 06 22:22:49 PDT 2009,NO_QUERY,Jenn_L,u move thought u alreadi sd hmmm random u found glad hear yer well
60,0,1467822687,Mon Apr 06 22:22:52 PDT 2009,NO_QUERY,xVivaLaJuicyx,miss ps3 commiss wutcha play cop blood sand
61,0,1467822918,Mon Apr 06 22:22:55 PDT 2009,NO_QUERY,krbleyle,leav park lot work
62,0,1467823437,Mon Apr 06 22:23:03 PDT 2009,NO_QUERY,xpika,life cool
63,0,1467823770,Mon Apr 06 22:23:08 PDT 2009,NO_QUERY,Henkuyinepu,sad though never gotten experi post coitus cigarett never
64,0,1467823851,Mon Apr 06 22:23:09 PDT 2009,NO_QUERY,ericg622,nice day bad rain come tomorrow 5am
65,0,1467824199,Mon Apr 06 22:23:15 PDT 2009,NO_QUERY,adri_mane,bad around lost job even pay phone bill lmao aw shuck
66,0,1467824664,Mon Apr 06 22:23:23 PDT 2009,NO_QUERY,a_mariepyt,damm back school tomorrow
67,0,1467824967,Mon Apr 06 22:23:28 PDT 2009,NO_QUERY,playboybacon,mo job money hell min wage 4 f n clam hour
68,0,1467825003,Mon Apr 06 22:23:28 PDT 2009,NO_QUERY,leslierosales,forev see soon
69,0,1467825084,Mon Apr 06 22:23:30 PDT 2009,NO_QUERY,PresidentSnow,agre saw failwhal allllll day today
70,0,1467825411,Mon Apr 06 22:23:35 PDT 2009,NO_QUERY,michrod,oh haha dude dont realli look em unless someon say hey ad sorri terribl need pop
71,0,1467825642,Mon Apr 06 22:23:39 PDT 2009,NO_QUERY,timmelko,sure right need start work nikster jare least
72,0,1467825863,Mon Apr 06 22:23:43 PDT 2009,NO_QUERY,BrookeAmanda,realli hate peopl diss band trace clear ugli
73,0,1467825883,Mon Apr 06 22:23:43 PDT 2009,NO_QUERY,deelau,gym attir today puma singlet adida short black busi sock leather shoe lucki run cute girl
74,0,1467826052,Mon Apr 06 22:23:45 PDT 2009,NO_QUERY,paulseverio,show locat
75,0,1467833672,Mon Apr 06 22:25:44 PDT 2009,NO_QUERY,iv3tte,picnic phone smell like citrus
76,0,1467833690,Mon Apr 06 22:25:44 PDT 2009,NO_QUERY,fedunska,donkey sensit comment nevertheless glad see mug asap charger still awol
77,0,1467833736,Mon Apr 06 22:25:45 PDT 2009,NO_QUERY,MagicalMason,new csi tonight fml
78,0,1467833799,Mon Apr 06 22:25:46 PDT 2009,NO_QUERY,kaelaaa,think arm sore tenni
79,0,1467834001,Mon Apr 06 22:25:49 PDT 2009,NO_QUERY,emo_holic,wonder someon u like much make unhappi split seccond depress
80,0,1467834053,Mon Apr 06 22:25:52 PDT 2009,NO_QUERY,thelazyboy,sleep soon hate say bye see tomorrow night
81,0,1467834227,Mon Apr 06 22:25:53 PDT 2009,NO_QUERY,driveaway2008,got ur newslett fare realli unbeliev shame alreadi book paid mine
82,0,1467834239,Mon Apr 06 22:25:53 PDT 2009,NO_QUERY,mscha,missin boo
83,0,1467834265,Mon Apr 06 22:25:54 PDT 2009,NO_QUERY,mike_webster_au,itm
84,0,1467834284,Mon Apr 06 22:25:54 PDT 2009,NO_QUERY,basiabeans,damn chalk chalkboard useless
85,0,1467834400,Mon Apr 06 22:25:56 PDT 2009,NO_QUERY,calihonda2001,blast getti villa hate sore throat day get wors
86,0,1467834817,Mon Apr 06 22:26:02 PDT 2009,NO_QUERY,djwayneski,hey miss ya meet sup mama
87,0,1467835085,Mon Apr 06 22:26:06 PDT 2009,NO_QUERY,Ceejison,tummi hurt wonder hypnosi anyth work get stop smoke
88,0,1467835198,Mon Apr 06 22:26:08 PDT 2009,NO_QUERY,ItsBrigittaYo,alway fat one
89,0,1467835305,Mon Apr 06 22:26:10 PDT 2009,NO_QUERY,MissLaura317,sorri babe fam annoy thank asleep right muahaha evil laugh
90,0,1467835345,Mon Apr 06 22:26:10 PDT 2009,NO_QUERY,RU_it_girl,paid attent cover photoshop webpag design class undergrad
91,0,1467835577,Mon Apr 06 22:26:14 PDT 2009,NO_QUERY,viviana09,wednesday b day know 2
92,0,1467835880,Mon Apr 06 22:26:18 PDT 2009,NO_QUERY,disneyfan4eva,poor cameron hill
93,0,1467836024,Mon Apr 06 22:26:21 PDT 2009,NO_QUERY,RoseMaryK,pray pleas ex threaten start sh babi 1st birthday parti jerk still headach
94,0,1467836111,Mon Apr 06 22:26:22 PDT 2009,NO_QUERY,perrohunter,hmm u realli enjoy problem constant u think thing find someon ulik
95,0,1467836448,Mon Apr 06 22:26:27 PDT 2009,NO_QUERY,Dogbook,strider sick littl puppi
96,0,1467836500,Mon Apr 06 22:26:28 PDT 2009,NO_QUERY,natalieantipas,ryle grace wana go steve parti sad sinc easter wnt b abl 2 much ohh well
97,0,1467836576,Mon Apr 06 22:26:29 PDT 2009,NO_QUERY,timdonnelly,hey actual one bracket pool bad one money
98,0,1467836583,Mon Apr 06 22:26:29 PDT 2009,NO_QUERY,homeworld,follow either work
99,0,1467836859,Mon Apr 06 22:26:33 PDT 2009,NO_QUERY,willy_chaz,bad nite favorit team astro spartan lose nite w good
100,0,1467836873,Mon Apr 06 22:26:33 PDT 2009,NO_QUERY,LeakySpoon,bodi miss northern calif girl found polic found remain miss northern california girl
101,0,1467837189,Mon Apr 06 22:26:38 PDT 2009,NO_QUERY,cityrat59,hope increas capac fast yesterday pain got fail whale 15 time 2 hour
102,0,1467837384,Mon Apr 06 22:26:42 PDT 2009,NO_QUERY,kenandise,behind class work
103,0,1467837470,Mon Apr 06 22:26:43 PDT 2009,NO_QUERY,annette414,watch quot hous quot
104,0,1467837579,Mon Apr 06 22:26:45 PDT 2009,NO_QUERY,blackheartbunny,rememb bum leg strike back time serious
105,0,1467837602,Mon Apr 06 22:26:45 PDT 2009,NO_QUERY,GetGary,cool kind complaint laptop onlin overh recal
106,0,1467837762,Mon Apr 06 22:26:48 PDT 2009,NO_QUERY,Dogbook,emili glad mommi done train new job miss
107,0,1467837819,Mon Apr 06 22:26:49 PDT 2009,NO_QUERY,SimoniNicole,would rather first parti send bad messag 3rd parti send mix one sophmor year
108,0,1467837888,Mon Apr 06 22:26:52 PDT 2009,NO_QUERY,wireandroses,overr
109,0,1467838188,Mon Apr 06 22:26:54 PDT 2009,NO_QUERY,jess_higley,know heard afternoon wonder thing moscow behind time
110,0,1467838189,Mon Apr 06 22:26:54 PDT 2009,NO_QUERY,missannabanana,lay bed voic
111,0,1467838362,Mon Apr 06 22:26:57 PDT 2009,NO_QUERY,Zella17,sooo sad kill kutner hous whyyyyyyyy
112,0,1467838419,Mon Apr 06 22:27:00 PDT 2009,NO_QUERY,polarna10,sorri tell mea culpa realli sorri
113,0,1467838433,Mon Apr 06 22:26:58 PDT 2009,NO_QUERY,megan_rice,make sens suicid thing refus believ actual happen
114,0,1467838630,Mon Apr 06 22:27:02 PDT 2009,NO_QUERY,ashleyirvin,hope ok
115,0,1467839007,Mon Apr 06 22:27:08 PDT 2009,NO_QUERY,eyezup,damn grind inspir sadden time want stop cuz like u much love
116,0,1467839405,Mon Apr 06 22:27:15 PDT 2009,NO_QUERY,Jonas_Dreamgirl,yeah aw know wudnt stand chanc
117,0,1467839450,Mon Apr 06 22:27:16 PDT 2009,NO_QUERY,BreannaBonana,ugh cant sleep 1 30am
118,0,1467839477,Mon Apr 06 22:27:16 PDT 2009,NO_QUERY,becklyn13,hang crooner wanna sing suck
119,0,1467839586,Mon Apr 06 22:27:18 PDT 2009,NO_QUERY,sonyolmos,aaw miss ya im leav bh tomorrow quot morn quot think aww wanna go beach w u girl
120,0,1467839737,Mon Apr 06 22:27:21 PDT 2009,NO_QUERY,JenBah,piss asba radio station
121,0,1467839816,Mon Apr 06 22:27:22 PDT 2009,NO_QUERY,viviana09,wednesday b day n know 2
122,0,1467840016,Mon Apr 06 22:27:25 PDT 2009,NO_QUERY,BustaBusta,know life flip upsid thought head ramen sound good
123,0,1467840386,Mon Apr 06 22:27:31 PDT 2009,NO_QUERY,MadameCrow,pain back side hurt mention cri made fail
124,0,1467840552,Mon Apr 06 22:27:34 PDT 2009,NO_QUERY,weefranniev,late night snack glass oj b c quot sick quot back sleep ugh hate get sick
125,0,1467840629,Mon Apr 06 22:27:35 PDT 2009,NO_QUERY,ikimmyy,big fan camilla bell
126,0,1467841189,Mon Apr 06 22:27:45 PDT 2009,NO_QUERY,yolie81,wah see clip must el stupido work filter wait till get puter someth els 2 blame ex 4 broke mine
127,0,1467841204,Mon Apr 06 22:27:45 PDT 2009,NO_QUERY,spacks,week seem get longer longer term much need much actual go get done
128,0,1467841832,Mon Apr 06 22:27:55 PDT 2009,NO_QUERY,bgoers,cold
129,0,1467841885,Mon Apr 06 22:27:56 PDT 2009,NO_QUERY,MissPassion,ehhh weather gonna take turn ugli tomorrow
130,0,1467841897,Mon Apr 06 22:27:56 PDT 2009,NO_QUERY,aaronrothe,haha cooooold still go show incred stuff
131,0,1467841969,Mon Apr 06 22:27:57 PDT 2009,NO_QUERY,ilikeoreos,hope tummi rumbl go away soon
132,0,1467842107,Mon Apr 06 22:28:02 PDT 2009,NO_QUERY,wiccabuffy,notic told work tomorrow call agenc follow said
133,0,1467842299,Mon Apr 06 22:28:03 PDT 2009,NO_QUERY,HiKeri,almost bedtim
134,0,1467842377,Mon Apr 06 22:28:04 PDT 2009,NO_QUERY,bnr0201,miss babe long aliv happi yawwwnn tire love imma tri sleep hope headstart
135,0,1467842448,Mon Apr 06 22:28:05 PDT 2009,NO_QUERY,R_Boucher,agh snow
136,0,1467842568,Mon Apr 06 22:28:07 PDT 2009,NO_QUERY,josiahmcdermott,miss kenni power
137,0,1467842607,Mon Apr 06 22:28:09 PDT 2009,NO_QUERY,VanessaSingline,thank let peopl know sad direct messag got actual bridget
138,0,1467842832,Mon Apr 06 22:28:11 PDT 2009,NO_QUERY,varunkumar,india miss 100th test victori n 10th consecut win without loss
139,0,1467842837,Mon Apr 06 22:28:11 PDT 2009,NO_QUERY,JenniOnTheBlock,guess
140,0,1467843075,Mon Apr 06 22:28:15 PDT 2009,NO_QUERY,darkninja757,sad go bed
141,0,1467843215,Mon Apr 06 22:28:18 PDT 2009,NO_QUERY,mikecogh,shame hear stephan
142,0,1467843470,Mon Apr 06 22:28:21 PDT 2009,NO_QUERY,KandiConnection,hey leavin morn
143,0,1467843568,Mon Apr 06 22:28:23 PDT 2009,NO_QUERY,joechummer,intend finish edit 536 page novel manuscript tonight probabl happen 12 page left
144,0,1467843624,Mon Apr 06 22:28:24 PDT 2009,NO_QUERY,kellireneez,laid around much today head hurt
145,0,1467843647,Mon Apr 06 22:28:24 PDT 2009,NO_QUERY,treehugger25,still read 9th amp 10th princess diari save francesca made cri end hmm easi book
146,0,1467843734,Mon Apr 06 22:28:26 PDT 2009,NO_QUERY,chatpataa,nokia 1110 die
147,0,1467843740,Mon Apr 06 22:28:26 PDT 2009,NO_QUERY,ThisStoutjunt,mom might breast cancer find anyth like week worri
148,0,1467844097,Mon Apr 06 22:28:33 PDT 2009,NO_QUERY,sew_cute,go sleep hope tomorrow better day
149,0,1467844140,Mon Apr 06 22:28:32 PDT 2009,NO_QUERY,Twokids1,lol wish understood daylight save end though breakfast hour later keep wake kid
150,0,1467844157,Mon Apr 06 22:28:32 PDT 2009,NO_QUERY,AKyarnie,lame
151,0,1467844505,Mon Apr 06 22:28:38 PDT 2009,NO_QUERY,luimoral85,understand realli
152,0,1467844540,Mon Apr 06 22:28:38 PDT 2009,NO_QUERY,ceironous,hero season
153,0,1467844907,Mon Apr 06 22:28:45 PDT 2009,NO_QUERY,brandonmcb,live downtown sure much fun
154,0,1467845095,Mon Apr 06 22:28:48 PDT 2009,NO_QUERY,mannyrique,calori wise wish junk food calori free ate thing sour skittl big ass cherri coke
155,0,1467845157,Mon Apr 06 22:28:51 PDT 2009,NO_QUERY,styletrain,man work hard
156,0,1467852031,Mon Apr 06 22:30:34 PDT 2009,NO_QUERY,kscud,get sick time hot tea studi sleeeep
157,0,1467852067,Mon Apr 06 22:30:34 PDT 2009,NO_QUERY,kirstenj0y,get eyebrow wax pain
158,0,1467852789,Mon Apr 06 22:30:45 PDT 2009,NO_QUERY,marculus,phantasi star yesterday go work
159,0,1467853135,Mon Apr 06 22:30:50 PDT 2009,NO_QUERY,andrewofthediaz,oh got macheist 3 0 app sweet get espresso serial though although said sent oh well
